{"entities":{"pages":{"Project-Overview":{"id":"Project-Overview","title":"Project Overview","url":"project-overview.html","level":0,"tabIndex":0},"Database":{"id":"Database","title":"Database","url":"database.html","level":0,"tabIndex":1},"Testing":{"id":"Testing","title":"Testing","url":"testing.html","level":0,"tabIndex":2},"Backend-Server":{"id":"Backend-Server","title":"Backend Server","url":"backend-server.html","level":0,"tabIndex":3},"Helpful-Resources":{"id":"Helpful-Resources","title":"Helpful Resources","url":"helpful-resources.html","level":0,"tabIndex":4}}},"topLevelIds":["Project-Overview","Database","Testing","Backend-Server","Helpful-Resources"]}