{"entities":{"pages":{"Project-Overview":{"id":"Project-Overview","title":"Project Overview","url":"project-overview.html","level":0,"tabIndex":0},"How-To-Use":{"id":"How-To-Use","title":"How To Use","url":"how-to-use.html","level":0,"tabIndex":1},"Database":{"id":"Database","title":"Database","url":"database.html","level":0,"tabIndex":2},"Testing":{"id":"Testing","title":"Testing","url":"testing.html","level":0,"tabIndex":3},"Backend-Server":{"id":"Backend-Server","title":"Backend Server Architecture","url":"backend-server.html","level":0,"tabIndex":4},"Future-Work":{"id":"Future-Work","title":"Future Work","url":"future-work.html","level":0,"tabIndex":5},"Helpful-Resources":{"id":"Helpful-Resources","title":"Helpful Resources","url":"helpful-resources.html","level":0,"tabIndex":6}}},"topLevelIds":["Project-Overview","How-To-Use","Database","Testing","Backend-Server","Future-Work","Helpful-Resources"]}